scenario,width,repeat,cache,readyMs,fcpMs,lcpObservedMs,longTasks,longTaskMs,tbtProxyMs,apiRequests,liveRequests,listRequests,listEncodedBytes,listDecodedBytes,jsTransferBytes,cssTransferBytes,domNodes,overflow,finalCards,finalRows,pendingRequests
login,390,1,cold,1731,1704,1704,1,150,100,1,0,0,0,0,222906,14606,32,false,0,0,0
login,390,1,warm,253,240,240,0,0,0,1,0,0,0,0,0,0,32,false,0,0,0
login,390,2,cold,1736,1704,1704,1,149,99,1,0,0,0,0,222906,14606,32,false,0,0,0
login,390,2,warm,256,236,236,0,0,0,1,0,0,0,0,0,0,32,false,0,0,0
login,390,3,cold,1716,1704,1704,1,145,95,1,0,0,0,0,222906,14606,32,false,0,0,0
login,390,3,warm,238,224,224,0,0,0,1,0,0,0,0,0,0,32,false,0,0,0
login,390,4,cold,1719,1704,1704,1,143,93,1,0,0,0,0,222906,14606,32,false,0,0,0
login,390,4,warm,256,244,244,0,0,0,1,0,0,0,0,0,0,32,false,0,0,0
login,390,5,cold,1738,1692,1692,1,147,97,1,0,0,0,0,222906,14606,32,false,0,0,0
login,390,5,warm,255,240,240,0,0,0,1,0,0,0,0,0,0,32,false,0,0,0
populated,390,1,cold,2370,1708,2152,1,146,96,8,1,3,8169,248091,222906,14606,277,false,12,24,0
populated,390,1,warm,871,244,656,0,0,0,8,1,3,8169,248091,0,0,277,false,12,24,0
populated,390,2,cold,2281,1704,2136,1,147,97,6,1,1,2723,82697,222906,14606,277,false,12,24,0
populated,390,2,warm,855,248,644,0,0,0,8,1,3,8169,248091,0,0,277,false,12,24,0
populated,390,3,cold,2371,1708,2164,1,145,95,8,1,3,8169,248091,222906,14606,277,false,12,24,0
populated,390,3,warm,870,264,664,0,0,0,8,1,3,8169,248091,0,0,277,false,12,24,0
populated,390,4,cold,2413,1740,2208,2,226,126,8,1,3,8169,248091,222906,14606,277,false,12,24,0
populated,390,4,warm,853,244,644,0,0,0,8,1,3,8169,248091,0,0,277,false,12,24,0
populated,390,5,cold,2315,1720,2116,1,144,94,8,1,3,8169,248091,222906,14606,277,false,12,24,0
populated,390,5,warm,837,240,628,0,0,0,8,1,3,8169,248091,0,0,277,false,12,24,0
long,390,1,cold,2502,1704,2212,1,148,98,14,1,9,43713,1510749,222906,14606,883,false,72,48,0
long,390,1,warm,1004,240,684,0,0,0,14,1,9,43713,1510749,0,0,883,false,72,48,0
long,390,2,cold,2524,1704,2204,1,148,98,14,1,9,43713,1510749,222906,14606,883,false,72,48,0
long,390,2,warm,1038,248,716,0,0,0,14,1,9,43713,1510749,0,0,883,false,72,48,0
long,390,3,cold,2500,1692,2192,1,142,92,14,1,9,43713,1510749,222906,14606,883,false,72,48,0
long,390,3,warm,1006,252,696,0,0,0,14,1,9,43713,1510749,0,0,883,false,72,48,0
long,390,4,cold,2419,1692,2152,1,143,93,8,1,3,14571,503583,222906,14606,883,false,72,48,0
long,390,4,warm,1038,244,716,0,0,0,14,1,9,43713,1510749,0,0,883,false,72,48,0
long,390,5,cold,2467,1720,2172,1,147,97,14,1,9,43713,1510749,222906,14606,883,false,72,48,0
long,390,5,warm,1021,248,704,0,0,0,14,1,9,43713,1510749,0,0,883,false,72,48,0
history,390,1,cold,2461,1700,2144,1,148,98,14,1,9,43713,1510749,222906,14606,96,false,3,1,0
history,390,1,warm,954,244,648,0,0,0,14,1,9,43713,1510749,0,0,96,false,3,1,0
history,390,2,cold,2359,1696,2112,1,152,102,8,1,3,14571,503583,222906,14606,96,false,3,1,0
history,390,2,warm,971,248,652,0,0,0,14,1,9,43713,1510749,0,0,96,false,3,1,0
history,390,3,cold,2472,1708,2152,1,147,97,14,1,9,43713,1510749,222906,14606,96,false,3,1,0
history,390,3,warm,955,240,640,0,0,0,14,1,9,43713,1510749,0,0,96,false,3,1,0
history,390,4,cold,2412,1708,2112,1,142,92,14,1,9,43713,1510749,222906,14606,96,false,3,1,0
history,390,4,warm,968,256,660,0,0,0,14,1,9,43713,1510749,0,0,96,false,3,1,0
history,390,5,cold,2314,1708,2080,1,143,93,8,1,3,14571,503583,222906,14606,96,false,3,1,0
history,390,5,warm,972,244,656,0,0,0,14,1,9,43713,1510749,0,0,96,false,3,1,0
stress,390,1,cold,2896,1700,2264,5,474,224,8,1,3,53530,2097834,222906,14606,3467,false,300,200,0
stress,390,1,warm,1821,260,840,4,340,140,14,1,9,160590,6293502,0,0,3467,false,300,200,0
stress,390,2,cold,2900,1704,2264,5,468,218,8,1,3,53530,2097834,222906,14606,3467,false,300,200,0
stress,390,2,warm,1820,264,936,4,335,135,14,1,9,160590,6293502,0,0,3467,false,300,200,0
stress,390,3,cold,3298,1700,2332,6,548,248,14,1,9,160590,6293502,222906,14606,3467,false,300,200,0
stress,390,3,warm,1339,244,756,4,256,56,8,1,3,53530,2097834,0,0,3467,false,300,200,0
stress,390,4,cold,2886,1696,2248,5,459,209,8,1,3,53530,2097834,222906,14606,3467,false,300,200,0
stress,390,4,warm,1869,308,888,5,347,97,14,1,9,160590,6293502,0,0,3467,false,300,200,0
stress,390,5,cold,2866,1712,2208,6,473,173,8,1,3,53530,2097834,222906,14606,3467,false,300,200,0
stress,390,5,warm,1370,256,772,3,258,108,8,1,3,53530,2097834,0,0,3467,false,300,200,0
long,320,1,cold,2505,1700,2192,1,150,100,14,1,9,43713,1510749,222906,14606,883,false,72,48,0
long,320,1,warm,1005,248,692,0,0,0,14,1,9,43713,1510749,0,0,883,false,72,48,0
long,320,2,cold,2527,1696,2232,1,145,95,14,1,9,43713,1510749,222906,14606,883,false,72,48,0
long,320,2,warm,1020,244,712,0,0,0,14,1,9,43713,1510749,0,0,883,false,72,48,0
long,320,3,cold,2450,1704,2160,1,148,98,8,1,3,14571,503583,222906,14606,883,false,72,48,0
long,320,3,warm,1037,244,732,0,0,0,14,1,9,43713,1510749,0,0,883,false,72,48,0
long,1280,1,cold,2402,1724,2132,1,146,96,8,1,3,14571,503583,222906,14606,883,false,72,48,0
long,1280,1,warm,984,248,696,0,0,0,14,1,9,43713,1510749,0,0,883,false,72,48,0
long,1280,2,cold,2426,1704,2168,1,144,94,8,1,3,14571,503583,222906,14606,883,false,72,48,0
long,1280,2,warm,1005,252,692,0,0,0,14,1,9,43713,1510749,0,0,883,false,72,48,0
long,1280,3,cold,2461,1716,2156,1,149,99,14,1,9,43713,1510749,222906,14606,883,false,72,48,0
long,1280,3,warm,1006,248,704,0,0,0,14,1,9,43713,1510749,0,0,883,false,72,48,0
